CREATE TABLE `column_type_test` (
`c_tinyint` tinyint(4) DEFAULT NULL COMMENT 'tinyint',
`c_smallint` smallint(6) DEFAULT NULL COMMENT 'smallint',
`c_mediumint` mediumint(9) DEFAULT NULL COMMENT 'mediumint',
`c_int` int(11) DEFAULT NULL COMMENT 'int',
`c_bigint` bigint(20) DEFAULT NULL COMMENT 'bigint',
`c_float` float DEFAULT NULL COMMENT 'float',
`c_double` double DEFAULT NULL COMMENT 'double',
`c_decimal` decimal(10,5) DEFAULT NULL COMMENT 'decimal',
`c_date` date DEFAULT NULL COMMENT 'date',
`c_datetime` datetime DEFAULT NULL COMMENT 'datetime',
`c_timestamp` timestamp NULL DEFAULT NULL COMMENT 'timestamp',
`c_time` time DEFAULT NULL COMMENT 'time',
`c_char` char(10) DEFAULT NULL COMMENT 'char',
`c_varchar` varchar(10) DEFAULT NULL COMMENT 'varchar',
`c_blob` blob COMMENT 'blob',
`c_text` text COMMENT 'text',
`c_longblob` longblob COMMENT 'longblob'
) ENGINE=TIANMU;
load data infile '../../std_data/tianmu/bigdata4load' into table column_type_test fields terminated by '|';
select count(*) from column_type_test;
count(*)
100000
alter table column_type_test add column ex_column int;
show create table column_type_test;
Table	Create Table
column_type_test	CREATE TABLE `column_type_test` (
  `c_tinyint` tinyint(4) DEFAULT NULL COMMENT 'tinyint',
  `c_smallint` smallint(6) DEFAULT NULL COMMENT 'smallint',
  `c_mediumint` mediumint(9) DEFAULT NULL COMMENT 'mediumint',
  `c_int` int(11) DEFAULT NULL COMMENT 'int',
  `c_bigint` bigint(20) DEFAULT NULL COMMENT 'bigint',
  `c_float` float DEFAULT NULL COMMENT 'float',
  `c_double` double DEFAULT NULL COMMENT 'double',
  `c_decimal` decimal(10,5) DEFAULT NULL COMMENT 'decimal',
  `c_date` date DEFAULT NULL COMMENT 'date',
  `c_datetime` datetime DEFAULT NULL COMMENT 'datetime',
  `c_timestamp` timestamp NULL DEFAULT NULL COMMENT 'timestamp',
  `c_time` time DEFAULT NULL COMMENT 'time',
  `c_char` char(10) DEFAULT NULL COMMENT 'char',
  `c_varchar` varchar(10) DEFAULT NULL COMMENT 'varchar',
  `c_blob` blob COMMENT 'blob',
  `c_text` text COMMENT 'text',
  `c_longblob` longblob COMMENT 'longblob',
  `ex_column` int(11) DEFAULT NULL
) ENGINE=TIANMU DEFAULT CHARSET=latin1
insert into column_type_test(c_tinyint,c_smallint,c_mediumint,c_int,c_bigint,c_float,c_double,c_decimal,c_date,c_datetime,c_timestamp,c_time,c_char,c_varchar,c_text,ex_column)
values(105,105,105,105,105,5.2,10.88,105.083,'2016-02-25','2016-02-25 10:20:01','2016-02-25 05:20:01','10:20:01','stoneatom','hello','bcdefghijklmn',105);
select count(*) from column_type_test;
count(*)
100001
drop table column_type_test;
