use test;
CREATE TABLE t1 (f1 VARCHAR(255) CHARACTER SET utf8) ENGINE=TIANMU;
CREATE TABLE t2 AS SELECT LEFT(f1,171) AS f2 FROM t1 UNION SELECT LEFT(f1,171) AS f2 FROM t1;
INSERT INTO t2 VALUES ('a');
INSERT INTO t2 VALUES ('b');
INSERT INTO t2 VALUES ('c');
SELECT * FROM t2;
f2
a
b
c
DROP TABLE t1;
DROP TABLE t2;
