use test;
CREATE TABLE t1 (f1 INT UNIQUE) ENGINE=TIANMU;
INSERT INTO t1 VALUES(1),(2),(NULL),(NULL);
SELECT * FROM t1 WHERE f1 IS NULL;
f1
NULL
NULL
SELECT * FROM t1 WHERE f1 IS NOT NULL;
f1
1
2
SELECT * FROM t1;
f1
1
2
NULL
NULL
DROP TABLE t1;
