use test;
create table tt (val time) ENGINE=TIANMU;
insert into tt values ('06:34:12'), ('13:23:33');
select * from tt where DATE(TIMESTAMP(val)) = CURDATE();
val
06:34:12
13:23:33
select * from tt where DATE(TIMESTAMP(val, val)) = CURDATE();
val
06:34:12
drop table tt;
